Config,K_SNR_dB,V_SNR_dB,K_CosSim,V_CosSim,Compression,DS_Mem_KB,Delta_K_dB,Delta_V_dB
C0: 1-bit RTN baseline,18.62,12.0,0.9942,0.9637,1.51,21.25,0.0,0.0
C1: + S-D Noise Shaping,21.88,13.51,0.9966,0.9726,1.51,21.25,3.259999999999998,1.5099999999999998
C2: + Differential,15.1,11.05,0.9888,0.9481,1.51,21.25,-3.5200000000000014,-0.9499999999999993
C3: Full DS-KVCache,16.54,12.2,0.9886,0.9549,1.51,21.25,-2.080000000000002,0.1999999999999993
